additional_info,current_status,name,picture_url,publish_date,short_bio,url,gender,ethnic,dob_y,dob_m,age,join_work_y,working_y,pob,pob_p,join_party_y,edu_dg,edu_am,edu_uni,edu_major
"['中共第十五届中央候补委员', '十六届、十七届、十八届、十九届中央委员', '十七届中央政治局委员、常委、中央书记处书记', '十八届、十九届中央政治局委员、常委、中央委员会总书记第十一届全国人大第一次会议当选为中华人民共和国副主席十七届五中全会增补为中共中央军事委员会副主席第十一届全国人大常委会第十七次会议任命为中华人民共和国中央军事委员会副主席十八届一中全会任中共中央军事委员会主席第十二届全国人大第一次会议当选为中华人民共和国主席、中华人民共和国中央军事委员会主席十九届一中全会任中共中央军事委员会主席第十三届全国人大第一次会议当选为中华人民共和国主席、中华人民共和国中央军事委员会主席']","['中国共产党中央委员会总书记', '中共中央军事委员会主席', '中华人民共和国主席', '中华人民共和国中央军事委员会主席']",习近平,http://www.people.com.cn/mediafile/pic/20180317/6/9692527010864580298.jpg,"
	（中国共产党新闻网资料，2018年3月）",习近平，男，汉族，1953年6月生，陕西富平人，1969年1月参加工作，1974年1月加入中国共产党，清华大学人文社会学院马克思主义理论与思想政治教育专业毕业，在职研究生学历，法学博士学位。,http://cpc.people.com.cn/n1/2017/1025/c414940-29608803.html,男,汉族,1953,6,65,1969.0,49.0,陕西富平,陕西,1974.0,研究生,清华大学人文社会学院马克思主义理论与思想政治教育专业,清华大学,人文社会学院马克思主义理论与思想政治教育专业
"['中共第十五届、十六届、十七届、十八届、十九届中央委员', '十七届、十八届、十九届中央政治局委员、常委第八届全国人大常委会委员']","['中共十九届中央政治局常委', '国务院总理、党组书记']",李克强,http://www.people.com.cn/mediafile/pic/20171025/75/1212684816983624131.jpg,"
	（中国共产党新闻网资料，2018年3月）",李克强，男，汉族，1955年7月生，安徽定远人，1974年3月参加工作，1976年5月加入中国共产党，北京大学法律系和经济学院经济学专业毕业，在职研究生学历，法学学士、经济学博士学位。,http://cpc.people.com.cn/n1/2017/1025/c414940-29608804.html,男,汉族,1955,7,63,1974.0,44.0,安徽定远,安徽,1976.0,研究生,北京大学法律系和经济学院经济学专业,北京大学,法律系和经济学院经济学专业
"['中共第十六届、十七届中央候补委员', '十八届、十九届中央委员', '十八届中央政治局委员、中央书记处书记', '十九届中央政治局委员、常委第十三届全国人大常委会委员长']","['中共十九届中央政治局常委', '十三届全国人大常委会委员长']",栗战书,http://www.people.com.cn/mediafile/pic/20180317/64/8897302461661648832.jpg,"
	（中国共产党新闻网资料，2018年3月）",栗战书，男，汉族，1950年8月生，河北平山人，1972年12月参加工作，1975年4月加入中国共产党，河北师范大学夜大学政教系毕业，在职大学学历，高级工商管理硕士学位。,http://cpc.people.com.cn/n1/2017/1025/c414940-29608805.html,男,汉族,1950,8,68,1972.0,46.0,河北平山,河北,1975.0,大学,河北师范大学夜大学政教系,河北师范大学夜大学,政教系
"['中共第十六届中央候补委员', '十七届、十八届、十九届中央委员', '十七届、十八届中央政治局委员', '十九届中央政治局委员、常委第十三届全国政协主席']","['中共十九届中央政治局常委', '十三届全国政协主席']",汪洋,http://www.people.com.cn/mediafile/pic/20171025/88/6571211079673053868.jpg,"
	（中国共产党新闻网资料，2018年3月）",汪洋，男，汉族，1955年3月生，安徽宿州人，1972年6月参加工作，1975年8月加入中国共产党，中央党校大学学历，工学硕士学位。,http://cpc.people.com.cn/n1/2017/1025/c414940-29608807.html,男,汉族,1955,3,63,1972.0,46.0,安徽宿州,安徽,1975.0,大学,中央党校,中央党校,
"['第十六届、十七届、十八届、十九届中央委员', '十七届中央书记处书记', '十八届中央政治局委员', '十九届中央政治局委员、常委、中央书记处书记']","['中央政治局常委、中央书记处书记', '中央政策研究室主任', '中央全面深化改革领导小组办公室主任']",王沪宁,http://www.people.com.cn/mediafile/pic/20171025/85/17055820954365662105.jpg,"
	（中国共产党新闻网资料，2017年10月） ",王沪宁，男，汉族，1955年10月生，山东莱州人，1977年2月参加工作，1984年4月加入中国共产党，复旦大学国际政治系国际政治专业毕业，研究生学历，法学硕士学位，教授。,http://cpc.people.com.cn/n1/2017/1025/c414940-29608808.html,男,汉族,1955,10,63,1977.0,41.0,山东莱州,山东,1984.0,研究生,复旦大学国际政治系国际政治专业,复旦大学,国际政治系国际政治专业
"['第十六届、十七届、十八届、十九届中央委员', '十八届中央政治局委员、中央书记处书记', '十九届中央政治局委员、常委第十九届中央纪委委员、常委、书记']","['中央政治局常委', '中央纪律检查委员会书记']",赵乐际,http://www.people.com.cn/mediafile/pic/20171025/53/17156660490713084633.jpg,"
	（中国共产党新闻网资料，2017年10月）",赵乐际，男，汉族，1957年3月生，陕西西安人，1974年9月参加工作，1975年7月加入中国共产党，中央党校研究生学历。,http://cpc.people.com.cn/n1/2017/1025/c414940-29608809.html,男,汉族,1957,3,61,1974.0,44.0,陕西西安,陕西,1975.0,研究生,中央党校,中央党校,
"['中共第十六届、十七届、十八届、十九届中央委员', '十八届中央政治局委员', '十九届中央政治局委员、常委']","['中共十九届中央政治局常委', '国务院副总理、党组副书记']",韩正,http://www.people.com.cn/mediafile/pic/20171025/67/1715958366424779007.jpg,"
	（中国共产党新闻网资料，2018年3月）",韩正，男，汉族，1954年4月生，浙江慈溪人，1975年12月参加工作，1979年5月加入中国共产党，华东师范大学国际问题研究所国际关系与世界经济专业毕业，在职研究生学历，经济学硕士学位，高级经济师。,http://cpc.people.com.cn/n1/2017/1025/c414940-29608810.html,男,汉族,1954,4,64,1975.0,43.0,浙江慈溪,浙江,1979.0,研究生,华东师范大学国际问题研究所国际关系与世界经济专业,华东师范大学,国际问题研究所国际关系与世界经济专业
"['第十八届中央候补委员', '十九届中央委员', '十九届中央政治局委员、中央书记处书记']","['中央政治局委员、中央书记处书记', '中央办公厅主任兼国家主席办公室主任', '中央直属机关工委书记']",丁薛祥,http://www.people.com.cn/mediafile/pic/20171025/6/3147311745683645330.jpg,"
	（中国共产党新闻网资料，2017年11月） ",丁薛祥，男，汉族，1962年9月生，江苏南通人，1982年8月参加工作，1984年10月加入中国共产党，复旦大学管理学院行政管理专业毕业，在职研究生学历，理学硕士学位，教授级高级工程师。,http://cpc.people.com.cn/n1/2017/1025/c414940-29608811.html,男,汉族,1962,9,56,1982.0,36.0,江苏南通,江苏,1984.0,研究生,复旦大学管理学院行政管理专业,复旦大学,管理学院行政管理专业
"['中共第十六届、十七届、十八届、十九届中央委员', '十九届中央政治局委员第十二届、十三届全国人大常委会副委员长第九届全国政协委员']","['中共十九届中央政治局委员', '十三届全国人大常委会副委员长']",王晨,http://www.people.com.cn/mediafile/pic/20180318/36/15392303051401897332.jpg,"
	（中国共产党新闻网资料，2018年3月）",王晨，男，汉族，1950年12月生，北京市人，1969年1月参加工作，1969年12月加入中国共产党，中国社会科学院研究生院新闻系新闻业务专业毕业，研究生学历，文学硕士学位，高级编辑。,http://cpc.people.com.cn/n1/2017/1025/c414940-29608812.html,男,汉族,1950,12,68,1969.0,49.0,北京市,北京,1969.0,研究生,中国社会科学院研究生院新闻系新闻业务专业,中国社会科学院,研究生院新闻系新闻业务专业
"['中共第十八届、十九届中央委员', '十九届中央政治局委员']","['中共十九届中央政治局委员', '国务院副总理、党组成员', '中央财经领导小组办公室主任']",刘鹤,http://www.people.com.cn/mediafile/pic/20180320/31/14352360186265366491.jpg,"
	（中国共产党新闻网资料，2018年3月）",刘鹤，男，汉族，1952年1月生，河北昌黎人，1969年4月参加工作，1976年12月加入中国共产党，中国人民大学工业经济系工业经济专业毕业，研究生学历，经济学、公共管理硕士学位，研究员，教授。,http://cpc.people.com.cn/n1/2017/1025/c414940-29608813.html,男,汉族,1952,1,66,1969.0,49.0,河北昌黎,河北,1976.0,研究生,中国人民大学工业经济系工业经济专业,中国人民大学,工业经济系工业经济专业
"['中共第十四届、十五届中央候补委员', '十六届、十七届、十八届、十九届中央委员', '十八届、十九届中央政治局委员十七届一中全会任中共中央军事委员会委员第十一届全国人大第一次会议任命为中华人民共和国中央军事委员会委员十七届七中全会增补为中共中央军事委员会副主席十八届一中全会任中共中央军事委员会副主席第十二届全国人大第一次会议任命为中华人民共和国中央军事委员会副主席十九届一中全会任中共中央军事委员会副主席第十三届全国人大第一次会议任命为中华人民共和国中央军事委员会副主席']","['中共十九届中央政治局委员', '中共中央军事委员会副主席', '中华人民共和国中央军事委员会副主席', '空军上将军衔']",许其亮,http://www.people.com.cn/mediafile/pic/20171025/6/16621675861105153350.jpg,"
	（中国共产党新闻网资料，2018年3月）",许其亮，男，汉族，1950年3月生，山东临朐人，1966年7月入伍，1967年7月加入中国共产党，空军第五航空学校毕业，大专学历。,http://cpc.people.com.cn/n1/2017/1025/c414940-29608814.html,男,汉族,1950,3,68,,,山东临朐,山东,1967.0,大专,空军第五航空学校,空军第五航空学校,
"['中共第十五届、十六届中央候补委员', '十七届、十八届、十九届中央委员', '十八届、十九届中央政治局委员']","['中共十九届中央政治局委员', '国务院副总理、党组成员']",孙春兰,http://www.people.com.cn/mediafile/pic/20180320/79/12653523390230986099.jpg,"
	（中国共产党新闻网资料，2018年3月）",孙春兰，女，汉族，1950年5月生，河北饶阳人，1969年11月参加工作，1973年5月加入中国共产党，中央党校研究生学历。,http://cpc.people.com.cn/n1/2017/1025/c414940-29608815.html,女,汉族,1950,5,68,1969.0,49.0,河北饶阳,河北,1973.0,研究生,中央党校,中央党校,
"['第十七届、十八届中央候补委员', '十九届中央委员', '十九届中央政治局委员']","['中央政治局委员', '广东省委书记']",李希,http://www.people.com.cn/mediafile/pic/20171025/16/15096818663673336892.jpg,"
	（中国共产党新闻网资料，2017年10月）",李希，男，汉族，1956年10月生，甘肃两当人，1975年7月参加工作，1982年1月加入中国共产党，西北师范学院中文系汉语言文学专业毕业，大学学历，高级管理人员工商管理硕士学位。,http://cpc.people.com.cn/n1/2017/1025/c414940-29608816.html,男,汉族,1956,10,62,1975.0,43.0,甘肃两当,甘肃,1982.0,大学,西北师范学院中文系汉语言文学专业,西北师范学院,中文系汉语言文学专业
"['第十八届中央候补委员', '十八届七中全会递补为中央委员', '十九届中央委员', '十九届中央政治局委员']","['中央政治局委员', '上海市委书记']",李强,http://www.people.com.cn/mediafile/pic/20171025/1/258143655530019589.jpg,"
	（中国共产党新闻网资料，2017年10月）",李强，男，汉族，1959年7月生，浙江瑞安人，1976年7月参加工作，1983年4月加入中国共产党，中央党校研究生学历，高级管理人员工商管理硕士学位。,http://cpc.people.com.cn/n1/2017/1025/c414940-29608817.html,男,汉族,1959,7,59,1976.0,42.0,浙江瑞安,浙江,1983.0,研究生,中央党校,中央党校,
"['第十六届、十七届中央候补委员', '十八届、十九届中央委员', '十九届中央政治局委员']","['中央政治局委员', '天津市委书记']",李鸿忠,http://www.people.com.cn/mediafile/pic/20171025/17/10519451168180887873.jpg,"
	（中国共产党新闻网资料，2017年10月）",李鸿忠，男，汉族，1956年8月生，山东昌乐人，1975年8月参加工作，1976年12月加入中国共产党，吉林大学历史系历史学专业毕业，大学学历，经济师。,http://cpc.people.com.cn/n1/2017/1025/c414940-29608818.html,男,汉族,1956,8,62,1975.0,43.0,山东昌乐,山东,1976.0,大学,吉林大学历史系历史学专业,吉林大学,历史系历史学专业
"['第十六届中央候补委员', '十七届、十八届、十九届中央委员', '十九届中央政治局委员']","['中央政治局委员', '国务委员、国务院党组成员', '中央外事工作领导小组办公室主任', '中央维护海洋权益工作领导小组办公室主任']",杨洁篪,http://www.people.com.cn/mediafile/pic/20171025/49/8748232567170118873.jpg,"
	（中国共产党新闻网资料，2017年10月）",杨洁篪，男，汉族，1950年5月生，上海市人，1968年9月参加工作，1971年12月加入中国共产党，南京大学历史学系世界史专业毕业，在职研究生学历，历史学博士学位。,http://cpc.people.com.cn/n1/2017/1025/c414940-29608819.html,男,汉族,1950,5,68,1968.0,50.0,上海市,上海,1971.0,研究生,南京大学历史学系世界史专业,南京大学,历史学系世界史专业
"['中共第十九届中央委员', '十九届中央政治局委员、中央书记处书记中共第十八届中央纪委委员', '2014年1月增选为中央纪委常委、副书记', '十九届中央纪委委员、常委、副书记第十一届全国政协委员']","['中共十九届中央政治局委员、中央书记处书记', '中央纪律检查委员会副书记', '国家监察委员会主任']",杨晓渡,http://www.people.com.cn/mediafile/pic/20171025/38/10046693029029969522.jpg,"
	（中国共产党新闻网资料，2018年3月）",杨晓渡，男，汉族，1953年10月生，上海市人，1970年5月参加工作，1973年9月加入中国共产党，中央党校研究生学历。,http://cpc.people.com.cn/n1/2017/1025/c414940-29608821.html,男,汉族,1953,10,65,1970.0,48.0,上海市,上海,1973.0,研究生,中央党校,中央党校,
"['中共第十七届、十八届、十九届中央委员', '十九届中央政治局委员十八届一中全会任中共中央军事委员会委员第十二届全国人大第一次会议任命为中华人民共和国中央军事委员会委员十九届一中全会任中共中央军事委员会副主席第十三届全国人大第一次会议任命为中华人民共和国中央军事委员会副主席']","['中共十九届中央政治局委员', '中共中央军事委员会副主席', '中华人民共和国中央军事委员会副主席', '上将军衔']",张又侠,http://www.people.com.cn/mediafile/pic/20171025/62/7652773183701753338.jpg,"
	（中国共产党新闻网资料，2018年3月）",张又侠，男，汉族，1950年7月生，陕西渭南人，1968年12月入伍，1969年5月加入中国共产党，军事学院基本系毕业，大专学历。,http://cpc.people.com.cn/n1/2017/1025/c414940-29608822.html,男,汉族,1950,7,68,,,陕西渭南,陕西,1969.0,大专,军事学院基本系,军事学院,基本系
"['第十八届、十九届中央委员', '十九届中央政治局委员、中央书记处书记第十六届、十七届中央纪委委员']",['中央政治局委员、中央书记处书记、中央组织部部长、中央党校校长（兼任国家行政学院院长）'],陈希,http://www.people.com.cn/mediafile/pic/20171025/31/14927211605533501287.jpg,"
	（中国共产党新闻网资料，2018年4月）",陈希，男，汉族，1953年9月生，福建莆田人，1970年12月参加工作，1978年11月加入中国共产党，清华大学化学与化学工程系催化动力学专业毕业，研究生学历，工学硕士学位，研究员。,http://cpc.people.com.cn/n1/2017/1025/c414940-29608823.html,男,汉族,1953,9,65,1970.0,48.0,福建莆田,福建,1978.0,研究生,清华大学化学与化学工程系催化动力学专业,清华大学,化学与化学工程系催化动力学专业
"['第十七届中央候补委员', '十八届、十九届中央委员', '十九届中央政治局委员']","['中央政治局委员', '新疆维吾尔自治区党委书记', '新疆生产建设兵团第一政委']",陈全国,http://www.people.com.cn/mediafile/pic/20171025/40/614973277187973948.jpg,"
	（中国共产党新闻网资料，2017年10月）",陈全国，男，汉族，1955年11月生，河南平舆人，1973年12月参加工作，1976年2月加入中国共产党，武汉理工大学管理学院管理科学与工程专业毕业，在职研究生学历，管理学博士学位。,http://cpc.people.com.cn/n1/2017/1025/c414940-29608824.html,男,汉族,1955,11,63,1973.0,45.0,河南平舆,河南,1976.0,研究生,武汉理工大学管理学院管理科学与工程专业,武汉理工大学,管理学院管理科学与工程专业
"['第十七届中央候补委员', '十八届、十九届中央委员', '十九届中央政治局委员']","['中央政治局委员', '重庆市委书记']",陈敏尔,http://www.people.com.cn/mediafile/pic/20171025/96/5349205753457192724.jpg,"
	（中国共产党新闻网资料，2017年10月）",陈敏尔，男，汉族，1960年9月生，浙江诸暨人，1981年8月参加工作，1982年9月加入中国共产党，中央党校研究生学历。,http://cpc.people.com.cn/n1/2017/1025/c414940-29608825.html,男,汉族,1960,9,58,1981.0,37.0,浙江诸暨,浙江,1982.0,研究生,中央党校,中央党校,
"['中共第十七届、十八届、十九届中央委员', '十八届、十九届中央政治局委员']","['中共十九届中央政治局委员', '国务院副总理、党组成员']",胡春华,http://www.people.com.cn/mediafile/pic/20171025/85/3440562402896656653.jpg,"
	（中国共产党新闻网资料，2018年3月）",胡春华，男，汉族，1963年4月生，湖北五峰人，1983年8月参加工作，1983年4月加入中国共产党，北京大学中文系毕业，大学学历。,http://cpc.people.com.cn/n1/2017/1025/c414940-29608827.html,男,汉族,1963,4,55,1983.0,35.0,湖北五峰,湖北,1983.0,大学,北京大学中文系,北京大学,中文系
"['第十六届、十七届中央候补委员', '十八届、十九届中央委员', '十九届中央政治局委员、中央书记处书记']","['中央政治局委员、中央书记处书记', '国务委员、国务院党组成员', '中央政法委员会书记', '武装警察部队第一政委、党委第一书记', '总警监']",郭声琨,http://www.people.com.cn/mediafile/pic/20171025/42/10655962508126948506.jpg,"
	（中国共产党新闻网资料，2017年11月）",郭声琨，男，汉族，1954年10月生，江西兴国人，1973年8月参加工作，1974年12月加入中国共产党，北京科技大学管理科学与工程专业毕业，在职研究生学历，管理学博士学位，教授级高级工程师。,http://cpc.people.com.cn/n1/2017/1025/c414940-29608828.html,男,汉族,1954,10,64,1973.0,45.0,江西兴国,江西,1974.0,研究生,北京科技大学管理科学与工程专业,北京科技大学,管理科学与工程专业
"['第十八届中央候补委员', '十九届中央委员', '十九届中央政治局委员、中央书记处书记']","['中央政治局委员、中央书记处书记', '中央宣传部部长', '中央精神文明建设指导委员会办公室主任']",黄坤明,http://www.people.com.cn/mediafile/pic/20171025/36/12933594735586694688.jpg,"
	（中国共产党新闻网资料，2017年10月）",黄坤明，男，汉族，1956年11月生，福建上杭人，1974年12月参加工作，1976年10月加入中国共产党，清华大学公共管理学院公共管理专业毕业，在职研究生学历，管理学博士学位。,http://cpc.people.com.cn/n1/2017/1025/c414940-29608829.html,男,汉族,1956,11,62,1974.0,44.0,福建上杭,福建,1976.0,研究生,清华大学公共管理学院公共管理专业,清华大学,公共管理学院公共管理专业
"['第十九届中央委员', '十九届中央政治局委员']","['中央政治局委员', '北京市委书记', '北京2022年冬奥会和冬残奥会组织委员会主席、党组书记']",蔡奇,http://www.people.com.cn/mediafile/pic/20171025/61/5375049972083639385.jpg,"
	（中国共产党新闻网资料，2017年10月）",蔡奇，男，汉族，1955年12月生，福建尤溪人，1973年3月参加工作，1975年8月加入中国共产党，福建师范大学经济法律学院政治经济学专业毕业，在职研究生学历，经济学博士学位。,http://cpc.people.com.cn/n1/2017/1025/c414940-29608831.html,男,汉族,1955,12,63,1973.0,45.0,福建尤溪,福建,1975.0,研究生,福建师范大学经济法律学院政治经济学专业,福建师范大学,经济法律学院政治经济学专业
"['第十七届中央候补委员', '十八届、十九届中央委员', '十九届中央书记处书记']",['中央书记处书记、中央统战部部长'],尤权,http://www.people.com.cn/mediafile/pic/20171025/2/16131099094824119662.jpg,"
	（中国共产党新闻网资料，2017年11月）",尤权，男，汉族，1954年1月生，河北卢龙人，1969年9月参加工作，1973年3月加入中国共产党，中国人民大学计划经济系国民经济计划专业毕业，研究生学历，经济学硕士学位。,http://cpc.people.com.cn/n1/2017/1025/c414940-29608832.html,男,汉族,1954,1,64,1969.0,49.0,河北卢龙,河北,1973.0,研究生,中国人民大学计划经济系国民经济计划专业,中国人民大学,计划经济系国民经济计划专业
"['中共第十六届中央候补委员', '十七届、十八届、十九届中央委员第十三届全国人大常委会副委员长']","['中共十九届中央委员', '十三届全国人大常委会副委员长']",曹建明,http://paper.people.com.cn/rmrb/res/2018-03/18/03/rmrb2018031803p44_b.jpg,2018年03月18日08:31    来源：人民网－人民日报,男，汉族，1955年9月生，江苏南通人，1972年12月参加工作，1973年12月加入中国共产党，华东政法学院国际法系国际法专业毕业，研究生学历，法学硕士学位，教授。,http://cpc.people.com.cn/n1/2018/0318/c64094-29873799-2.html,男,汉族,1955,9,63,1972.0,46.0,江苏南通,江苏,1973.0,研究生,华东政法学院国际法系国际法专业,华东政法学院,国际法系国际法专业
"['中共第十六届、十七届、十八届、十九届中央委员', '十八届中央政治局委员第十三届全国人大常委会副委员长']","['中共十九届中央委员', '十三届全国人大常委会副委员长']",张春贤,http://paper.people.com.cn/rmrb/res/2018-03/18/03/rmrb2018031803p43_b.jpg,2018年03月18日08:31    来源：人民网－人民日报,男，汉族，1953年5月生，河南禹州人，1970年12月参加工作，1973年11月加入中国共产党，哈尔滨工业大学管理科学与工程专业毕业，在职研究生学历，管理学硕士学位，高级工程师。,http://cpc.people.com.cn/n1/2018/0318/c64094-29873799-3.html,男,汉族,1953,5,65,1970.0,48.0,河南禹州,河南,1973.0,研究生,哈尔滨工业大学管理科学与工程专业,哈尔滨工业大学,管理科学与工程专业
"['中共第十五届、十六届中央候补委员', '十七届、十八届、十九届中央委员第十二届、十三届全国人大常委会副委员长']","['中共十九届中央委员', '十三届全国人大常委会副委员长', '中华全国妇女联合会主席']",沈跃跃,http://paper.people.com.cn/rmrb/res/2018-03/18/03/rmrb2018031803p42_b.jpg,2018年03月18日08:31    来源：人民网－人民日报,女，汉族，1957年1月生，浙江宁波人，1977年5月参加工作，1981年9月加入中国共产党，中央党校研究生学历。,http://cpc.people.com.cn/n1/2018/0318/c64094-29873799-4.html,女,汉族,1957,1,61,1977.0,41.0,浙江宁波,浙江,1981.0,研究生,中央党校,中央党校,
"['中共第十六届中央候补委员', '十七届、十八届、十九届中央委员第十二届、十三届全国人大常委会副委员长']","['中共十九届中央委员', '十三届全国人大常委会副委员长']",吉炳轩,http://paper.people.com.cn/rmrb/res/2018-03/18/03/rmrb2018031803p41_b.jpg,2018年03月18日08:31    来源：人民网－人民日报,男，汉族，1951年11月生，河南孟津人，1978年10月参加工作，1980年4月加入中国共产党，郑州大学中文系毕业，大学普通班学历。,http://cpc.people.com.cn/n1/2018/0318/c64094-29873799-5.html,男,汉族,1951,11,67,1978.0,40.0,河南孟津,河南,1980.0,大学,郑州大学中文系,郑州大学,中文系
['中共第十九届中央委员第十二届、十三届全国人大常委会副委员长'],"['中共十九届中央委员', '十三届全国人大常委会副委员长']",艾力更·依明巴海,http://paper.people.com.cn/rmrb/res/2018-03/18/03/rmrb2018031803p40_b.jpg,2018年03月18日08:31    来源：人民网－人民日报,男，维吾尔族，1953年9月生，新疆英吉沙人，1971年3月参加工作，1980年6月加入中国共产党，西北轻工学院轻工二系硅酸盐专业毕业，大学普通班学历。,http://cpc.people.com.cn/n1/2018/0318/c64094-29873799-6.html,男,维吾尔族,1953,9,65,1971.0,47.0,新疆英吉沙,新疆,1980.0,大学,西北轻工学院轻工二系硅酸盐专业,西北轻工学院,轻工二系硅酸盐专业
"['第十二届、十三届全国人大常委会副委员长第九届全国政协委员', '十届全国政协常务委员', '十一届全国政协常务委员、社会和法制委员会副主任']","['十三届全国人大常委会副委员长', '民革中央主席']",万鄂湘,http://paper.people.com.cn/rmrb/res/2018-03/18/03/rmrb2018031803p39_b.jpg,2018年03月18日08:31    来源：人民网－人民日报,男，汉族，1956年5月生，湖北公安人，民革成员，1974年3月参加工作，武汉大学国际法研究所国际法专业毕业，在职研究生学历，法学博士学位，教授。,http://cpc.people.com.cn/n1/2018/0318/c64094-29873799-7.html,男,汉族,1956,5,62,1974.0,44.0,湖北公安,湖北,,研究生,武汉大学国际法研究所国际法专业,武汉大学,国际法研究所国际法专业
['第十二届、十三届全国人大常委会副委员长第十届、十一届全国政协委员'],"['十三届全国人大常委会副委员长', '农工党中央主席', '中国红十字会会长', '欧美同学会（中国留学人员联谊会）会长']",陈竺,http://paper.people.com.cn/rmrb/res/2018-03/18/03/rmrb2018031803p38_b.jpg,2018年03月18日08:31    来源：人民网－人民日报,男，汉族，1953年8月生，江苏镇江人，农工党成员，1970年4月参加工作，法国巴黎第七大学血液学研究所肿瘤发病基础专业毕业，研究生学历，科学博士学位，教授，研究员，中国科学院院士。,http://cpc.people.com.cn/n1/2018/0318/c64094-29873799-8.html,男,汉族,1953,8,65,1970.0,48.0,江苏镇江,江苏,,研究生,法国巴黎第七大学血液学研究所肿瘤发病基础专业,法国巴黎第七大学,血液学研究所肿瘤发病基础专业
"['中共第十八届中央委员第十二届全国人大常委会委员、全国人大民族委员会副主任委员', '十三届全国人大常委会副委员长']",['十三届全国人大常委会副委员长'],白玛赤林,http://paper.people.com.cn/rmrb/res/2018-03/18/03/rmrb2018031803p36_b.jpg,2018年03月18日08:31    来源：人民网－人民日报,男，藏族，1951年10月生，西藏丁青人，1969年12月参加工作，1970年10月加入中国共产党，中央党校研究生学历。,http://cpc.people.com.cn/n1/2018/0318/c64094-29873799-10.html,男,藏族,1951,10,67,1969.0,49.0,西藏丁青,西藏,1970.0,研究生,中央党校,中央党校,
"['第十一届、十二届全国人大常委会委员、全国人大教育科学文化卫生委员会委员', '十三届全国人大常委会副委员长第十届全国政协委员']","['十三届全国人大常委会副委员长', '民盟中央主席', '中国科学院副院长', '中国科学院大学校长']",丁仲礼,http://paper.people.com.cn/rmrb/res/2018-03/18/03/rmrb2018031803p35_b.jpg,2018年03月18日08:31    来源：人民网－人民日报,男，汉族，1957年1月生，浙江嵊州人，民盟成员，1988年8月参加工作，中国科学院地质研究所古生物学及地层学专业毕业，研究生学历，理学博士学位，研究员，中国科学院院士。,http://cpc.people.com.cn/n1/2018/0318/c64094-29873799-11.html,男,汉族,1957,1,61,1988.0,30.0,浙江嵊州,浙江,,研究生,中国科学院地质研究所古生物学及地层学专业,中国科学院地质研究所,古生物学及地层学专业
"['第十三届全国人大常委会副委员长第九届、十届、十一届全国政协委员', '十二届全国政协常务委员']","['十三届全国人大常委会副委员长', '民建中央主席']",郝明金,http://paper.people.com.cn/rmrb/res/2018-03/18/03/rmrb2018031803p34_b.jpg,2018年03月18日08:31    来源：人民网－人民日报,男，汉族，1956年12月生，山东嘉祥人，民建成员，1971年12月参加工作，中国政法大学法学院诉讼法学专业毕业，研究生学历，法学博士学位，教授。,http://cpc.people.com.cn/n1/2018/0318/c64094-29873799-12.html,男,汉族,1956,12,62,1971.0,47.0,山东嘉祥,山东,,研究生,中国政法大学法学院诉讼法学专业,中国政法大学,法学院诉讼法学专业
"['第十届全国人大代表', '十三届全国人大常委会副委员长第十一届、十二届全国政协常务委员']","['十三届全国人大常委会副委员长', '民进中央主席']",蔡达峰,http://paper.people.com.cn/rmrb/res/2018-03/18/03/rmrb2018031803p33_b.jpg,2018年03月18日08:31    来源：人民网－人民日报,男，汉族，1960年6月生，浙江宁波人，民进成员，1985年7月参加工作，同济大学建筑系建筑历史与理论专业毕业，研究生学历，工学博士学位，教授。,http://cpc.people.com.cn/n1/2018/0318/c64094-29873799-13.html,男,汉族,1960,6,58,1985.0,33.0,浙江宁波,浙江,,研究生,同济大学建筑系建筑历史与理论专业,同济大学,建筑系建筑历史与理论专业
"['第十三届全国人大常委会副委员长第十届全国政协委员', '十一届、十二届全国政协常务委员']","['十三届全国人大常委会副委员长', '九三学社中央主席']",武维华,http://paper.people.com.cn/rmrb/res/2018-03/18/03/rmrb2018031803p32_b.jpg,2018年03月18日08:31    来源：人民网－人民日报,男，汉族，1956年9月生，山西孝义人，九三学社成员，1974年12月参加工作，美国新泽西州立大学植物科学系植物科学专业毕业，研究生学历，理学博士学位，教授，中国科学院院士。,http://cpc.people.com.cn/n1/2018/0318/c64094-29873799-14.html,男,汉族,1956,9,62,1974.0,44.0,山西孝义,山西,,研究生,美国新泽西州立大学植物科学系植物科学专业,美国新泽西州立大学,植物科学系植物科学专业
['中共第十九届中央委员'],"['中共十九届中央委员', '十三届全国人大常委会秘书长', '人民日报社社长']",杨振武,,2018年03月18日08:31    来源：人民网－人民日报,男，汉族，1955年5月生，河北新乐人，1978年9月参加工作，1975年4月加入中国共产党，中央党校研究生学历，高级记者。,http://cpc.people.com.cn/n1/2018/0318/c64094-29873799-15.html,男,汉族,1955,5,63,1978.0,40.0,河北新乐,河北,1975.0,研究生,中央党校,中央党校,
"['中共第十五届中央候补委员', '十六届、十七届、十八届中央委员', '十七届中央政治局委员', '十八届中央政治局委员、常委中共第十八届中央纪委委员、常委、书记第十三届全国人大第一次会议当选为中华人民共和国副主席']",['中华人民共和国副主席'],王岐山,http://www.people.com.cn/mediafile/pic/20180317/86/18281152616849836666.jpg,2018年03月17日18:33    来源：新华网,王岐山，男，汉族，1948年7月生，山西天镇人，1969年1月参加工作，1983年2月加入中国共产党，西北大学历史系历史专业毕业，大学普通班学历，高级经济师。,http://cpc.people.com.cn/n1/2018/0317/c64094-29873551.html,男,汉族,1948,7,70,1969.0,49.0,山西天镇,山西,1983.0,大学,西北大学历史系历史专业,西北大学,历史系历史专业
"['中共第十七届中央候补委员', '十八届、十九届中央委员十八届一中全会任中共中央军事委员会委员第十二届全国人大第一次会议任命为中华人民共和国中央军事委员会委员十九届一中全会任中共中央军事委员会委员第十三届全国人大第一次会议任命为中华人民共和国中央军事委员会委员']","['中共十九届中央委员', '中共中央军事委员会委员', '中华人民共和国中央军事委员会委员', '国务委员、国务院党组成员', '国防部部长', '上将军衔']",魏凤和,http://www.people.com.cn/mediafile/pic/20180320/91/14731090053759167879.jpg,2018年03月20日07:30    来源：人民网－人民日报,魏凤和，男，汉族，1954年2月生，山东茌平人，1970年12月入伍，1972年1月加入中国共产党，国防大学合同战役指挥专业毕业，大学学历。,http://cpc.people.com.cn/n1/2018/0320/c64094-29877085.html,男,汉族,1954,2,64,,,山东茌平,山东,1972.0,大学,国防大学合同战役指挥专业,国防大学,合同战役指挥专业
['中共第十八届、十九届中央委员中共第十七届中央纪委委员'],"['中共十九届中央委员', '国务委员、国务院党组成员']",王勇,http://www.people.com.cn/mediafile/pic/20180320/31/17598714186263740427.jpg,2018年03月20日07:30    来源：人民网－人民日报,王勇，男，汉族，1955年12月生，辽宁盖州人，1969年8月参加工作，1974年8月加入中国共产党，哈尔滨工业大学技术经济工程专业毕业，研究生学历，工学硕士学位，研究员。,http://cpc.people.com.cn/n1/2018/0320/c64094-29877085-2.html,男,汉族,1955,12,63,1969.0,49.0,辽宁盖州,辽宁,1974.0,研究生,哈尔滨工业大学技术经济工程专业,哈尔滨工业大学,技术经济工程专业
['中共第十七届、十八届、十九届中央委员'],"['中共十九届中央委员', '国务委员、国务院党组成员', '外交部部长']",王毅,http://www.people.com.cn/mediafile/pic/20180320/40/15266705069181991372.jpg,2018年03月20日07:30    来源：人民网－人民日报,王毅，男，汉族，1953年10月生，北京市人，1969年9月参加工作，1981年5月加入中国共产党，北京第二外国语学院亚非语系日语专业毕业，大学学历，经济学硕士学位。,http://cpc.people.com.cn/n1/2018/0320/c64094-29877085-3.html,男,汉族,1953,10,65,1969.0,49.0,北京市,北京,1981.0,大学,北京第二外国语学院亚非语系日语专业,北京第二外国语学院,亚非语系日语专业
['中共第十七届、十八届、十九届中央委员'],"['中共十九届中央委员', '国务委员、国务院党组成员', '国务院秘书长、机关党组书记']",肖捷,http://www.people.com.cn/mediafile/pic/20180320/98/18340542470478463566.jpg,2018年03月20日07:30    来源：人民网－人民日报,肖捷，男，汉族，1957年6月生，辽宁开原人，1976年3月参加工作，1985年8月加入中国共产党，财政部财政科学研究所财政专业毕业，在职研究生学历，经济学博士学位，经济师。,http://cpc.people.com.cn/n1/2018/0320/c64094-29877085-4.html,男,汉族,1957,6,61,1976.0,42.0,辽宁开原,辽宁,1985.0,研究生,财政部财政科学研究所财政专业,财政部财政科学研究所,财政专业
['中共第十八届、十九届中央委员'],"['中共十九届中央委员', '国务委员、国务院党组成员', '公安部部长、党委书记', '总警监']",赵克志,http://www.people.com.cn/mediafile/pic/20180320/7/3014818553790527331.jpg,2018年03月20日07:30    来源：人民网－人民日报,赵克志，男，汉族，1953年12月生，山东莱西人，1973年3月参加工作，1975年1月加入中国共产党，中央党校研究生学历。,http://cpc.people.com.cn/n1/2018/0320/c64094-29877085-5.html,男,汉族,1953,12,65,1973.0,45.0,山东莱西,山东,1975.0,研究生,中央党校,中央党校,
"['中共第十七届、十八届中央候补委员', '十九届中央委员第十二届全国政协委员', '十三届全国政协副主席']","['中共十九届中央委员', '十三届全国政协副主席', '国家发展和改革委员会主任、党组书记']",何立峰,http://www.people.com.cn/mediafile/pic/20180315/50/8477787106763322838.jpg,2018年03月15日07:24    来源：人民网－人民日报,何立峰，男，汉族，1955年2月生，广东兴宁人，1973年8月参加工作，1981年6月加入中国共产党，厦门大学财政金融系财政学专业毕业，研究生学历，经济学博士学位。,http://cpc.people.com.cn/n1/2018/0315/c64387-29868408-17.html,男,汉族,1955,2,63,1973.0,45.0,广东兴宁,广东,1981.0,研究生,厦门大学财政金融系财政学专业,厦门大学,财政金融系财政学专业
['中共第十六届、十七届、十八届、十九届中央委员第十二届、十三届全国政协副主席'],"['中共十九届中央委员', '十三届全国政协副主席']",张庆黎,http://www.people.com.cn/mediafile/pic/20180315/86/13585577192726627858.jpg,2018年03月15日07:24    来源：人民网－人民日报,张庆黎，男，汉族，1951年1月生，山东东平人，1971年1月参加工作，1973年2月加入中国共产党，中央党校研究生学历。,http://cpc.people.com.cn/n1/2018/0315/c64387-29868408.html,男,汉族,1951,1,67,1971.0,47.0,山东东平,山东,1973.0,研究生,中央党校,中央党校,
"['中共第十六届中央候补委员', '十七届、十八届、十九届中央委员', '十八届中央政治局委员、中央书记处书记第十三届全国政协副主席']","['中共十九届中央委员', '十三届全国政协副主席']",刘奇葆,http://www.people.com.cn/mediafile/pic/20180315/70/1637437516760720650.jpg,2018年03月15日07:24    来源：人民网－人民日报,刘奇葆，男，汉族，1953年1月生，安徽宿松人，1974年9月参加工作，1971年12月加入中国共产党，吉林大学国民经济计划和管理专业毕业，在职研究生学历，经济学硕士学位。,http://cpc.people.com.cn/n1/2018/0315/c64387-29868408-2.html,男,汉族,1953,1,65,1974.0,44.0,安徽宿松,安徽,1971.0,研究生,吉林大学国民经济计划和管理专业,吉林大学,国民经济计划和管理专业
"['第二届、三届、四届、五届全国人大代表', '八届、九届全国人大常委会副委员长第三届、四届、五届、六届、七届、十届、十一届、十二届、十三届全国政协副主席']","['十三届全国政协副主席', '中国佛教协会名誉会长', '西藏自治区政协主席']",帕巴拉·格列朗杰,http://www.people.com.cn/mediafile/pic/20180315/94/2090298955775094290.jpg,2018年03月15日07:24    来源：人民网－人民日报,帕巴拉·格列朗杰，男，藏族，1940年2月生，四川理塘人，大学学历。,http://cpc.people.com.cn/n1/2018/0315/c64387-29868408-3.html,男,藏族,1940,2,78,,,四川理塘,四川,,大学,,,
"['第八届全国政协委员', '十届全国政协三次会议增选为全国政协副主席', '十一届、十二届、十三届全国政协副主席']",['十三届全国政协副主席'],董建华,http://www.people.com.cn/mediafile/pic/20180315/44/16167609354609108976.jpg,2018年03月15日07:24    来源：人民网－人民日报,董建华，男，汉族，1937年5月生，浙江舟山人，英国利物浦大学毕业，大学学历。,http://cpc.people.com.cn/n1/2018/0315/c64387-29868408-4.html,男,汉族,1937,5,81,,,浙江舟山,浙江,,大学,英国利物浦大学,英国利物浦大学,
"['第十届全国政协委员', '十届全国政协三次会议增选为常务委员', '十一届、十二届、十三届全国政协副主席']","['十三届全国政协副主席', '致公党中央主席', '科学技术部部长', '中国科学技术协会主席']",万钢,http://www.people.com.cn/mediafile/pic/20180315/88/14177936572344329900.jpg,2018年03月15日07:24    来源：人民网－人民日报,万钢，男，汉族，1952年8月生，上海市人，致公党成员，1969年4月参加工作，德国克劳斯塔尔工业大学机械系毕业，研究生学历，工学博士学位，教授。,http://cpc.people.com.cn/n1/2018/0315/c64387-29868408-5.html,男,汉族,1952,8,66,1969.0,49.0,上海市,上海,,研究生,德国克劳斯塔尔工业大学机械系,德国克劳斯塔尔工业大学,机械系
"['第七届全国人大代表', '八届、九届全国人大常委会委员（至2000.03）第六届全国政协委员', '十一届全国政协三次会议增选为全国政协副主席', '十二届、十三届全国政协副主席']",['十三届全国政协副主席'],何厚铧,http://www.people.com.cn/mediafile/pic/20180315/43/3621193210724296059.jpg,2018年03月15日07:24    来源：人民网－人民日报,何厚铧，男，汉族，1955年3月出生于澳门，广东番禺人，加拿大约克大学工商管理系毕业，大学学历。,http://cpc.people.com.cn/n1/2018/0315/c64387-29868408-6.html,男,汉族,1955,3,63,,,广东番禺,广东,,大学,加拿大约克大学工商管理系,加拿大约克大学,工商管理系
"['中共第十五届中央候补委员', '十六届、十七届、十八届、十九届中央委员第十二届、十三届全国政协副主席']","['中共十九届中央委员', '十三届全国政协副主席']",卢展工,http://www.people.com.cn/mediafile/pic/20180315/20/12823778499522552212.jpg,2018年03月15日07:24    来源：人民网－人民日报,卢展工，男，汉族，1952年5月生，浙江慈溪人，1969年3月参加工作，1975年1月加入中国共产党，哈尔滨建筑工程学院建筑工程系工业与民用建筑专业毕业，大学学历。,http://cpc.people.com.cn/n1/2018/0315/c64387-29868408-7.html,男,汉族,1952,5,66,1969.0,49.0,浙江慈溪,浙江,1975.0,大学,哈尔滨建筑工程学院建筑工程系工业与民用建筑专业,哈尔滨建筑工程学院,建筑工程系工业与民用建筑专业
"['中共第十六届中央候补委员', '十六届四中全会递补为中央委员', '十七届、十八届、十九届中央委员第十二届、十三届全国政协副主席']","['中共十九届中央委员', '十三届全国政协副主席']",王正伟,http://www.people.com.cn/mediafile/pic/20180315/87/17468806959501364515.jpg,2018年03月15日07:24    来源：人民网－人民日报,王正伟，男，回族，1957年6月生，宁夏同心人，1976年9月参加工作，1981年10月加入中国共产党，中央民族大学少数民族经济研究所民族经济学专业毕业，在职研究生学历，法学博士学位。,http://cpc.people.com.cn/n1/2018/0315/c64387-29868408-8.html,男,回族,1957,6,61,1976.0,42.0,宁夏同心,宁夏,1981.0,研究生,中央民族大学少数民族经济研究所民族经济学专业,中央民族大学,少数民族经济研究所民族经济学专业
"['中共第十七届中央候补委员', '十八届、十九届中央委员第十二届、十三届全国政协副主席']","['中共十九届中央委员', '十三届全国政协副主席']",马飚,http://www.people.com.cn/mediafile/pic/20180315/25/17750808521920378933.jpg,2018年03月15日07:24    来源：人民网－人民日报,马飚，男，壮族，1954年8月生，广西田阳人，1972年10月参加工作，1985年6月加入中国共产党，中央民族学院政治系政治经济学专业毕业，大学学历，研究员。,http://cpc.people.com.cn/n1/2018/0315/c64387-29868408-9.html,男,壮族,1954,8,64,1972.0,46.0,广西田阳,广西,1985.0,大学,中央民族学院政治系政治经济学专业,中央民族学院,政治系政治经济学专业
"['第十一届全国人大代表第九届、十届全国政协委员', '十二届、十三届全国政协副主席']","['十三届全国政协副主席', '民盟中央常务副主席']",陈晓光,http://www.people.com.cn/mediafile/pic/20180315/49/10577576389071632577.jpg,2018年03月15日07:24    来源：人民网－人民日报,陈晓光，男，汉族，1955年5月生，吉林梨树人，民盟成员，1973年6月参加工作，吉林工业大学农业机械工程系农业机械专业毕业，研究生学历，工学博士学位，教授。,http://cpc.people.com.cn/n1/2018/0315/c64387-29868408-10.html,男,汉族,1955,5,63,1973.0,45.0,吉林梨树,吉林,,研究生,吉林工业大学农业机械工程系农业机械专业,吉林工业大学,农业机械工程系农业机械专业
"['第十届、十一届全国政协常务委员', '十二届全国政协五次会议增选为全国政协副主席', '十三届全国政协副主席']",['十三届全国政协副主席'],梁振英,http://www.people.com.cn/mediafile/pic/20180315/20/11581690887930537144.jpg,2018年03月15日07:24    来源：人民网－人民日报,梁振英，男，汉族，1954年8月生，山东威海人，英国布里斯托理工学院毕业，大学学历。,http://cpc.people.com.cn/n1/2018/0315/c64387-29868408-11.html,男,汉族,1954,8,64,,,山东威海,山东,,大学,英国布里斯托理工学院,英国布里斯托理工学院,
"['中共第十五届、十六届、十七届中央候补委员', '十八届中央委员第十二届全国人大环境与资源保护委员会副主任委员（2017.04增补）第十三届全国政协副主席']",['十三届全国政协副主席兼秘书长'],夏宝龙,http://www.people.com.cn/mediafile/pic/20180315/23/8435316955179975719.jpg,2018年03月15日07:24    来源：人民网－人民日报,夏宝龙，男，汉族，1952年12月生，天津市人，1969年8月参加工作，1973年11月加入中国共产党，北京大学经济学院政治经济学专业毕业，在职研究生学历，经济学博士学位。,http://cpc.people.com.cn/n1/2018/0315/c64387-29868408-12.html,男,汉族,1952,12,66,1969.0,49.0,天津市,天津,1973.0,研究生,北京大学经济学院政治经济学专业,北京大学,经济学院政治经济学专业
"['中共第十六届中央候补委员', '十六届七中全会递补为中央委员', '十七届、十八届中央委员第十三届全国政协副主席']","['十三届全国政协副主席', '交通运输部党组书记']",杨传堂,http://www.people.com.cn/mediafile/pic/20180315/76/1533429714297957168.jpg,2018年03月15日07:24    来源：人民网－人民日报,杨传堂，男，汉族，1954年5月生，山东禹城人，1972年6月参加工作，1976年6月加入中国共产党，中央党校大学学历。,http://cpc.people.com.cn/n1/2018/0315/c64387-29868408-13.html,男,汉族,1954,5,64,1972.0,46.0,山东禹城,山东,1976.0,大学,中央党校,中央党校,
['中共第十七届、十八届、十九届中央委员第十三届全国政协副主席'],"['中共十九届中央委员', '十三届全国政协副主席', '国家卫生和计划生育委员会主任、党组书记']",李斌,http://www.people.com.cn/mediafile/pic/20180315/99/801627894363658247.jpg,2018年03月15日07:24    来源：人民网－人民日报,李斌，女，汉族，1954年10月生，辽宁抚顺人，1974年7月参加工作，1981年6月加入中国共产党，吉林大学经济管理学院政治经济学专业毕业，在职研究生学历，经济学博士学位，研究员。,http://cpc.people.com.cn/n1/2018/0315/c64387-29868408-14.html,女,汉族,1954,10,64,1974.0,44.0,辽宁抚顺,辽宁,1981.0,研究生,吉林大学经济管理学院政治经济学专业,吉林大学,经济管理学院政治经济学专业
"['中共第十五届中央候补委员', '十八届、十九届中央委员中共第十六届、十七届中央纪委委员第十三届全国政协副主席']","['中共十九届中央委员', '十三届全国政协副主席', '国家民族事务委员会主任、党组书记', '中央统战部副部长']",巴特尔,http://www.people.com.cn/mediafile/pic/20180315/92/5747125372876818496.jpg,2018年03月15日07:24    来源：人民网－人民日报,巴特尔，男，蒙古族，1955年2月生，辽宁康平人，1973年1月参加工作，1981年12月加入中国共产党，中央党校研究生学历，经济学硕士学位。,http://cpc.people.com.cn/n1/2018/0315/c64387-29868408-15.html,男,蒙古族,1955,2,63,1973.0,45.0,辽宁康平,辽宁,1981.0,研究生,中央党校,中央党校,
['中共第十八届、十九届中央委员第十三届全国政协副主席'],"['中共十九届中央委员', '十三届全国政协副主席', '中央政法委员会秘书长', '国务院副秘书长、机关党组成员']",汪永清,http://www.people.com.cn/mediafile/pic/20180315/98/5728464599702101702.jpg,2018年03月15日07:24    来源：人民网－人民日报,汪永清，男，汉族，1959年9月生，江西贵溪人，1987年7月参加工作，1985年6月加入中国共产党，北京大学法律系法学理论专业毕业，研究生学历，法学博士学位。,http://cpc.people.com.cn/n1/2018/0315/c64387-29868408-16.html,男,汉族,1959,9,59,1987.0,31.0,江西贵溪,江西,1985.0,研究生,北京大学法律系法学理论专业,北京大学,法律系法学理论专业
"['第十二届全国人大常委会委员、全国人大内务司法委员会副主任委员第十一届全国政协委员', '十三届全国政协副主席']","['十三届全国政协副主席', '台盟中央主席']",苏辉,http://www.people.com.cn/mediafile/pic/20180315/68/16666024552094402776.jpg,2018年03月15日07:24    来源：人民网－人民日报,苏辉，女，汉族，1956年5月生，台湾台南人，1975年5月参加工作，台盟成员、中共党员，中央财政金融学院财政系财政学专业毕业，大学学历，高级会计师。,http://cpc.people.com.cn/n1/2018/0315/c64387-29868408-18.html,女,汉族,1956,5,62,1975.0,43.0,台湾台南,台湾,,大学,中央财政金融学院财政系财政学专业,中央财政金融学院,财政系财政学专业
"['第九届、十届全国人大代表第十一届、十二届全国政协常务委员', '十三届全国政协副主席']","['十三届全国政协副主席', '民革中央常务副主席', '宋庆龄基金会副主席（兼职）']",郑建邦,http://www.people.com.cn/mediafile/pic/20180315/41/8140063724015430237.jpg,2018年03月15日07:24    来源：人民网－人民日报,郑建邦，男，汉族，1957年1月生，湖南石门人，1976年8月参加工作，民革成员，东北师范大学政治教育系经济学专业毕业，大学学历。,http://cpc.people.com.cn/n1/2018/0315/c64387-29868408-19.html,男,汉族,1957,1,61,1976.0,42.0,湖南石门,湖南,,大学,东北师范大学政治教育系经济学专业,东北师范大学,政治教育系经济学专业
"['第十一届全国人大常委会委员、全国人大内务司法委员会副主任委员', '十二届全国人大常委会委员、全国人大财政经济委员会副主任委员第八届全国政协委员', '九届全国政协常务委员', '十届全国政协委员（2005.02增补）', '十三届全国政协副主席']","['十三届全国政协副主席', '民建中央常务副主席']",辜胜阻,http://www.people.com.cn/mediafile/pic/20180315/93/1915145881907898801.jpg,2018年03月15日07:24    来源：人民网－人民日报,辜胜阻，男，汉族，1956年1月生，湖北武汉人，1975年7月参加工作，民建成员，武汉大学经济系经济学专业毕业，在职研究生学历，经济学博士学位，教授。,http://cpc.people.com.cn/n1/2018/0315/c64387-29868408-20.html,男,汉族,1956,1,62,1975.0,43.0,湖北武汉,湖北,,研究生,武汉大学经济系经济学专业,武汉大学,经济系经济学专业
"['第十一届、十二届全国人大常委会委员、全国人大教育科学文化卫生委员会委员第十届全国政协委员', '十三届全国政协副主席']","['十三届全国政协副主席', '民进中央常务副主席']",刘新成,http://www.people.com.cn/mediafile/pic/20180315/89/12301958220237520989.jpg,2018年03月15日07:24    来源：人民网－人民日报,刘新成，男，汉族，1952年3月生，河北固安人，1968年12月参加工作，民进成员，北京师范学院历史系世界史专业毕业，研究生学历，历史学博士学位，教授。,http://cpc.people.com.cn/n1/2018/0315/c64387-29868408-21.html,男,汉族,1952,3,66,1968.0,50.0,河北固安,河北,,研究生,北京师范学院历史系世界史专业,北京师范学院,历史系世界史专业
"['第十一届、十二届全国政协常务委员', '十三届全国政协副主席']","['十三届全国政协副主席', '农工党中央常务副主席']",何维,http://www.people.com.cn/mediafile/pic/20180315/65/18267505539794495177.jpg,2018年03月15日07:24    来源：人民网－人民日报,何维，男，汉族，1955年12月生，黑龙江哈尔滨人，1975年12月参加工作，农工党成员，德国海德堡大学理论医学系免疫学专业毕业，研究生学历，医学博士学位，教授。,http://cpc.people.com.cn/n1/2018/0315/c64387-29868408-22.html,男,汉族,1955,12,63,1975.0,43.0,黑龙江哈尔滨,黑龙江,,研究生,德国海德堡大学理论医学系免疫学专业,德国海德堡大学,理论医学系免疫学专业
"['第十届、十一届、十二届全国政协常务委员', '十三届全国政协副主席']","['十三届全国政协副主席', '九三学社中央常务副主席']",邵鸿,http://www.people.com.cn/mediafile/pic/20180315/38/9631148330378264982.jpg,2018年03月15日07:24    来源：人民网－人民日报,邵鸿，男，汉族，1957年11月生，辽宁盖州人，1975年11月参加工作，九三学社成员，南开大学历史系中国古代史专业毕业，研究生学历，历史学博士学位，教授。,http://cpc.people.com.cn/n1/2018/0315/c64387-29868408-23.html,男,汉族,1957,11,61,1975.0,43.0,辽宁盖州,辽宁,,研究生,南开大学历史系中国古代史专业,南开大学,历史系中国古代史专业
"['第十一届、十二届全国政协委员', '十三届全国政协副主席']","['十三届全国政协副主席', '中华全国工商业联合会主席、中国民间商会会长', '中国光大集团股份公司副董事长、总经理', '民建北京市主委']",高云龙,http://www.people.com.cn/mediafile/pic/20180315/1/6058265441649409433.jpg,2018年03月15日07:24    来源：人民网－人民日报,高云龙，男，汉族，1958年12月生，山东莱芜人，1985年5月参加工作，民建成员，清华大学化工系化工专业毕业，研究生学历，工学博士学位，高级工程师。,http://cpc.people.com.cn/n1/2018/0315/c64387-29868408-24.html,男,汉族,1958,12,60,1985.0,33.0,山东莱芜,山东,,研究生,清华大学化工系化工专业,清华大学,化工系化工专业
['中共第十六届、十七届、十八届、十九届中央委员第九届全国人大常委会委员'],"['中共十九届中央委员', '最高人民法院院长、党组书记、审判委员会委员', '首席大法官']",周 强,http://paper.people.com.cn/rmrb/res/2018-03/19/02/rmrb2018031902p33_b.jpg,2018年03月19日07:26    来源：人民网－人民日报,男，汉族，1960年4月生，湖北黄梅人，1976年8月参加工作，1978年9月加入中国共产党，西南政法学院研究生院民法专业毕业，研究生学历，法学硕士学位。,http://cpc.people.com.cn/n1/2018/0319/c64094-29874515.html,男,汉族,1960,4,58,1976.0,42.0,湖北黄梅,湖北,1978.0,研究生,西南政法学院研究生院民法专业,西南政法学院,研究生院民法专业
"['中共第十九届中央委员中共第十七届中央纪委委员、常委', '2012年11月增选为中央纪委副书记', '十八届中央纪委委员、常委、副书记', '2017年2月不再担任中央纪委副书记、常委']","['中共十九届中央委员', '最高人民检察院检察长、党组书记']",张 军,http://paper.people.com.cn/rmrb/res/2018-03/19/02/rmrb2018031902p34_b.jpg,2018年03月19日07:26    来源：人民网－人民日报,男，汉族，1956年10月生，山东博兴人，1973年1月参加工作，1974年5月加入中国共产党，中国人民大学法律系刑法专业毕业，研究生学历，法学博士学位。,http://cpc.people.com.cn/n1/2018/0319/c64094-29874516.html,男,汉族,1956,10,62,1973.0,45.0,山东博兴,山东,1974.0,研究生,中国人民大学法律系刑法专业,中国人民大学,法律系刑法专业
"['2018－ 十三届全国人大常委会副委员长', '中华全国总工会主席', '四川省人大常委会主任 中共第十七届、十八届、十九届中央委员第十三届全国人大常委会副委员长第十届全国政协常务委员']","['中共十九届中央委员', '十三届全国人大常委会副委员长', '四川省人大常委会主任']",王东明,http://www.people.com.cn/mediafile/pic/20180323/15/17151062818120704335.jpg,2018年03月23日08:36    来源：人民网-中国共产党新闻网,王东明，男，汉族，1956年7月生，辽宁宽甸人，1975年8月参加工作，1975年6月加入中国共产党，中央党校研究生学历。,http://renshi.people.com.cn/n1/2018/0323/c139617-29884657.html,男,汉族,1956,7,62,1975.0,43.0,辽宁宽甸,辽宁,1975.0,研究生,中央党校,中央党校,
