name,url
范继英,http://ldzl.people.com.cn/dfzlk/front/personPage16204.htm
空缺,http://ldzl.people.com.cn/dfzlk/front/personPage.htm
空缺,http://ldzl.people.com.cn/dfzlk/front/personPage.htm
空缺,http://ldzl.people.com.cn/dfzlk/front/personPage.htm
空缺,http://ldzl.people.com.cn/dfzlk/front/personPage.htm
空缺,http://ldzl.people.com.cn/dfzlk/front/personPage.htm
空缺,http://ldzl.people.com.cn/dfzlk/front/personPage.htm
空缺,http://ldzl.people.com.cn/dfzlk/front/personPage.htm
空缺,http://ldzl.people.com.cn/dfzlk/front/personPage.htm
空缺,http://ldzl.people.com.cn/dfzlk/front/personPage.htm
空缺,http://ldzl.people.com.cn/dfzlk/front/personPage.htm
陈雍,http://ldzl.people.com.cn/dfzlk/front/personPage16389.htm
空缺,http://ldzl.people.com.cn/dfzlk/front/personPage.htm
空缺,http://ldzl.people.com.cn/dfzlk/front/personPage.htm
果果,http://ldzl.people.com.cn/dfzlk/front/personPage7403.htm
空缺,http://ldzl.people.com.cn/dfzlk/front/personPage.htm
